{
  "condition": "baseline",
  "timestamp": "2026-01-10T15:29:39.510942",
  "agents": {
    "gpt4_turbo": {
      "total_trials": 9,
      "time_to_complete": {
        "mean_ms": 33.888888888888886,
        "median_ms": 32,
        "std_dev_ms": 4.702245326555294,
        "min_ms": 29,
        "max_ms": 45
      },
      "files_accessed": {
        "mean": 2.3333333333333335,
        "median": 2
      },
      "tokens_loaded": {
        "mean": 3831.3333333333335,
        "median": 3539
      },
      "error_rate": 0.5714285714285714
    }
  }
}
